{
  "rmse": 2173.6473414627108,
  "r2_score": 0.2699603343817587,
  "feature_importance": {
    "Store": 0.09880869135071467,
    "Dept": 0.15858333051998563,
    "Temperature": 0.0699736181060202,
    "Fuel_Price": 0.06295648046978058,
    "CPI": 0.06991185542958839,
    "Unemployment": 0.08344787684328688,
    "IsHoliday": 0.2922465265299795,
    "MarkDown1": 0.10235638779606804,
    "MarkDown2": 0.06171523295457603
  }
}